{"pedestrian": {"lower_bound": -0.9374999999999467, "upper_bound": 0.9374999999999467}, "bicycle": {"lower_bound": -1.6456564328839391, "upper_bound": 1.6456564328839391}, "skate": {"lower_bound": -1.5859660564541542, "upper_bound": 1.5859660564541542}, "car": {"lower_bound": -1.1955199008263682, "upper_bound": 1.1955199008263682}, "bus": {"lower_bound": -1.0727182724027235, "upper_bound": 1.0727182724027235}, "cart": {"lower_bound": -2.4005256959826995, "upper_bound": 2.4005256959826995}}