{"bicycle": {"mean": -0.0017170414608115477, "std": 2.194224417720897}, "pedestrian": {"mean": 0.0005623787798684736, "std": 1.4994721101353072}, "skate": {"mean": 0.0005413569510883626, "std": 1.6568829095756965}, "cart": {"mean": 0.0038802241627745337, "std": 2.584543928112746}, "car": {"mean": 0.02402019360269111, "std": 3.0932214075414626}, "bus": {"mean": -0.03648309120223523, "std": 1.8891082303391546}}