{"pedestrian": {"lower_boud": -1.0000000000000002, "upper_bound": 1.0000000000000002}, "bicycle": {"lower_boud": -1.6849598025331394, "upper_bound": 1.6849598025331394}, "skate": {"lower_boud": -1.6328964837583069, "upper_bound": 1.6328964837583069}, "bus": {"lower_boud": -1.5926826211786773, "upper_bound": 1.5926826211786773}, "car": {"lower_boud": -4.312790520524228, "upper_bound": 4.312790520524228}, "cart": {"lower_boud": -2.9378243369623744, "upper_bound": 2.9378243369623744}}